"yi","vi","slab","treatment","study_type","qualsyst","ni"
-0.942680660910705,0.295819591102513,"Bonuccelli et al. 1997","clozapine","RCT",0.576923076923077,15
-0.49716734270991,0.275832606003706,"Craig et al. 2006","nmt","RCT",0.916666666666667,14
-0.391964443495915,0.226704414984858,"Kaut et al. 2011","wbv","RCT",0.961538461538462,19
0.0271986574938259,0.400036988348473,"Kulisevsky et al. 2002","theophylline","RCT",0.571428571428571,10
0.338558120613666,0.206340924185009,"Li et al. 2018","WG","RCT",0.961538461538462,39
-0.540864426770992,0.308735054454451,"Li et al. 2018","TAG","RCT",0.961538461538462,14
-0.413813937561113,0.0234485884646098,"Moeller et al. 2005","pramipexole","RCT",0.961538461538462,174
0.492871414972958,0.491697902294945,"Montastruc et al. 1999","piribedil","RCT",0.821428571428571,9
-0.79494791390525,0.317264427908844,"Nigro et al. 2019","apomorphine","RCT",0.535714285714286,16
-0.283200791665082,0.214123789093131,"Olson et al. 1997","gabapentin","RCT",0.571428571428571,19
-0.107517065202298,0.134495416841292,"Petramfar et al. 2020","licorice","RCT",0.678571428571429,30
-0.719581874697245,0.113757220803128,"Pogarell et al. 2002","pramipexole","RCT",0.964285714285714,44
-0.0865072396353688,0.175726595788302,"Huebsch et al. 2006","qigong","RCT",0.730769230769231,30
-0.551195100884006,0.181373699551782,"Schneider et al. 1998","GM1","RCT",0.958333333333333,22
-0.483611961684046,0.0585116680305844,"Su et al. 2004","selegiline","RCT",0.5,71
-1.11437751670098,0.145150860626021,"Vorasoot et al. 2020","exercise","RCT",0.607142857142857,46
-0.293949896252547,0.0387008707218879,"Zhang et al. 2013","rasagiline","RCT",0.714285714285714,108
-0.102573608880903,0.0520774779786152,"Zhang et al. 2018","experimental","RCT",0.25,80
-0.43199596985538,0.0389107978513704,"Zhao et al. 2015","droxidopa","RCT",0.571428571428571,109
-0.552365351076309,0.429647010275522,"Navan et al. 2003","pramipexole","RCT",0.461538461538462,10
-0.778572113898037,0.44906762033588,"Navan et al. 2003.1","pergolide","RCT",0.461538461538462,10
-0.850293281537379,0.448243448336872,"Navan et al. 2003.2","pergolide","RCT",0.964285714285714,10
-0.605373563784636,0.427377630380527,"Navan et al. 2003.2","pramipexole","RCT",0.964285714285714,10
-0.244072242198633,0.276595209901978,"Rascol et al. 1988","selegiline","RCT",0.8,15
-0.702001310437023,0.10960373789096,"Spieker et al. 1999","budipine","RCT",0.607142857142857,40
-0.472781747359704,0.0399231356033549,"Zhou et al. 2019","NBP","RCT",0.571428571428571,103
-0.140692700664523,0.00848065458151015,"Cattaneo et al. 2016","safinamide","RCT",1,482
-0.198623394357935,0.0104656473367833,"Elmer (2013)","rasagiline","RCT",1,380
-0.325746006774069,0.151204740670074,"Parkinson Study Group (1999)","clozapine","RCT",1,27
-0.497223752226855,0.0145098849112829,"Jankovic et al. 2014","rasagiline","RCT",1,221
-0.426638111539134,0.0105699408931309,"Lew (2013)","rasagiline","RCT",1,286
-0.338007923596956,0.0297259193078235,"Lew (2013).1","rasagiline","RCT",1,138
-0.0657482183212727,0.0290028635836106,"Mizuno et al. 2017","selegiline","RCT",0.892857142857143,139
-0.543784521236766,0.0238382230044158,"Nomoto et al. 2018","rotigotine","RCT",0.909090909090909,87
-0.3526387530908,0.00812435409018143,"Nomoto et al. 2018.1","rotigotine","RCT",0.909090909090909,250
-0.124997717189771,0.0821945495637164,"Parkinson Study Group (2007)","pramipexole","RCT",0.892857142857143,95
-0.558881651125257,0.0341173973956586,"Schrag et al. 2002","ropinirole","RCT",0.944444444444444,116
-0.232657734152825,0.0186438185677341,"Ziegler et al. 2003","piribedil","RCT",0.714285714285714,108
-0.401710311555409,0.0800263687386528,"Malsch et al. 2001","amantadine","RCT",0.909090909090909,26
-0.571708832220783,0.0801268701636898,"Malsch et al. 2001.1","budipine","RCT",0.909090909090909,27
-0.307137730428531,0.0454925953939199,"Anderson et al. 1992","levodopa","QES",0.545454545454545,45
-0.539134380007744,0.0670416543704115,"Arnold et al. 2005","pergolide","QES",0.8,32
-0.826839187812309,0.234183152125106,"Binder et al. 2008","cabergoline","QES",0.95,10
-0.280576545676619,0.0474270139300445,"Brannan & Yahr (1995)","selegiline","QES",0.681818181818182,43
-0.326703467376983,0.0526504507127711,"Brannan & Yahr (1995)","levodopa","QES",0.681818181818182,39
-0.509594394771318,0.152131658827941,"Bullock et al. 2021","zuranolone","QES",0.85,14
-0.787959616234964,0.0679541228943699,"Choi et al. 2000","levodopa","QES",0.772727272727273,34
-1.76247300559992,0.355315554773421,"Cinar et al. 2013","apomorphine","QES",0.545454545454545,10
-0.752358001740279,0.0671476847468033,"Dirkx et al. 2019","levodopa","QES",0.571428571428571,34
-0.264559052740354,0.0598528160645128,"Dirkx et al. 2019","placebo","QES",0.571428571428571,34
-0.313059285470338,0.0191495612907439,"Eggert et al. 2010","arm1","QES",0.681818181818182,107
-0.310350170365266,0.019141669290868,"Eggert et al. 2010","arm2","QES",0.681818181818182,107
-1.0599238406247,0.0711588687211751,"Evidente et al. 2003","piribedil","QES",0.666666666666667,36
-0.66500555823638,0.0584504262169116,"Friedman et al. 1997","benztropin","QES",0.321428571428571,38
-0.462787382982188,0.11089926741704,"Friedman et al. 1997","clozapine","QES",0.321428571428571,19
-0.570631064390807,0.0216280990582389,"Glass (2003)","dihydroergocriptin","QES",0.454545454545455,100
-0.832952873079428,0.0345133124174358,"Haas et al. 2006","wbv","QES",1,68
-0.201391564483607,0.0531652442400678,"Hartelt et al. 2020","multimodal-therapy","QES",1,38
-0.913584918412947,0.134295483420877,"Hellmann et al. 2008","apomorphine","QES",0.8,18
-1.32004151036702,0.287125479454602,"Ikeda et al. 2015","zonisamide","QES",0.75,10
-0.590861457356494,0.0945460274302052,"Jansen (1994)","clozapine","QES",1,23
-0.977069924131356,0.0728627299506184,"Jitkritsadakul et al. 2015","EMS","QES",0.833333333333333,34
-1.69499613720683,0.0350663872711534,"Levin et al. 2010","pramipexole","QES",0.636363636363636,98
-0.788732031096859,0.105047686747231,"Lotan et al. 2014","cannabis","QES",0.95,22
-0.807402407046451,0.211449938495655,"Maeda et al. 2015","zonisamide","QES",1,11
-0.880628682815363,0.0291189443719337,"Mizuno et al. 1995","pergolide","QES",0.45,82
-0.775882043011609,0.00744659052535254,"Mizuno et al. 1995","pergolide-levodopa","QES",0.45,309
-0.529152376744959,0.0690322941583039,"Mueller et al. 2003.1","amantadine","QES",0.392857142857143,31
-1.13390507953439,0.0943882273106053,"Rahimi et al. 2015","botulinum-toxin","QES",0.625,28
-0.695935005870083,0.112108138309885,"Sahoo et al. 2020","trihexphenidyl","QES",0.392857142857143,20
-1.29587897644774,0.141982558039981,"Sahoo et al. 2020","levodopa","QES",0.392857142857143,20
-2.25271820384481,0.197276941433344,"Samotus et al. 2017","incobotulinumtoxin","QES",0.590909090909091,23
-0.577397751002654,0.0515879543197967,"Takahashi et al. 2008","pramipexole","QES",0.428571428571429,42
-0.599659677059649,0.217979586414564,"Weiner et al. 1989","PHNO","QES",0.363636363636364,10
-1.58932169677878,0.155379606091709,"Wilken et al. 2019","levodopa","QES",0.727272727272727,21
-1.24911939233096,0.0365809161598505,"Zach et al. 2020","levodopa","QES",0.714285714285714,76
-1.68742707455282,0.285308755497246,"Fischer et al. 1990","clozapine","QES",0.666666666666667,12
-1.29487496196935,0.166961799033386,"Hiremath (2012)","harikati","QES",0.5,17
-0.688966296687865,0.00410520601648788,"Jost et al. 2008","rasagiline","QES",0.55,545
-0.288992615450437,0.204175836589244,"Koller et al. 1987","primidone","QES",0.461538461538462,10
-0.933668449916808,0.243586838718503,"Koller et al. 1987.1","propanolol","QES",0.461538461538462,10
-0.444604023769907,0.20988363689762,"Koller et al. 1987.2","clonazepam","QES",0.461538461538462,10
-1.15572881071618,0.0889284847319907,"Mentenopoulos et al. 1989","piribedil","QES",0.833333333333333,30
-0.476061414050207,0.0062524178549519,"Mueller et al. 2003","levodopa","QES",0.291666666666667,338
-0.541861153969572,0.214680675509062,"Pollok et al. 2009","levodopa","QES",0.590909090909091,10
0.174256012494656,0.201518257894527,"Rabey et al. 1994","memantine","QES",0.269230769230769,10
-0.954898002019009,0.0039169299794736,"Reichmann et al. 2002","pramipexole","QES",0.5,627
-0.678451411494421,0.00346834861412035,"Reichmann et al. 2003","rotigotine","QES",0.772727272727273,643
-0.843184432554888,0.261719999294606,"Ridgel et al. 2012","cycling","QES",0.727272727272727,9
-0.836144428821775,0.0261063194769427,"Rondot & Ziegler (1992)","piribedil","QES",0.888888888888889,90
-0.604782344956613,0.0909533684327337,"Saavedra-Escalona et al. 2005","tens","QES",0.363636363636364,24
-0.554187348942212,0.10767809044319,"Schlesinger et al. 2009","relaxing-music","QES",0.545454545454545,20
-0.367768030810411,0.103381333112154,"Schlesinger et al. 2009.1","self-relaxation","QES",0.545454545454545,20
-2.62638720543165,0.272447743821376,"Schlesinger et al. 2009.2","RGI","QES",0.545454545454545,20
-0.799947653525292,0.257773124910034,"Spieker et al. 1995","budipine","QES",0.428571428571429,9
-0.426478384192714,0.174245158840984,"Trosch et al. 1994","botulinumtoxin","QES",0.5,12
-0.959910352924253,0.123035697141279,"Yoshii et al. 1996","nipradilol","QES",0.65,20
-0.742886639234882,0.0329846417300993,"Zach et al. 2017","levodopa","QES",0.571428571428571,69
-0.731626375219053,0.0251959841828676,"Ziegler M.  & Rondot P. (1999)","piribedil","QES",0.666666666666667,90
-0.630191819537874,0.36227486078448,"Barbagallo et al. 2018","apomorphine","RCT",0.535714285714286,15
-0.362828927930776,0.0430379669889937,"Altman et al. 2012","caffeine","QES",0.8,48
-2.19808682357911,0.367982736833005,"Bara-Jimenez et al. 2003","adenosineA2a","QES",0.583333333333333,12
-0.734285712989176,0.0472830782114586,"Samotus et al. 2020","incobotulinumtoxin","QES",0.5,48
